fixstep	outer	rms	cg_iter	post_step_rms
0	0	6.429710243368e+00	6	5.054333357297e-01
0	1	5.054333357297e-01	10	2.210023960170e-01
0	2	2.210023960170e-01	11	7.990054022583e-02
0	3	7.990054022583e-02	11	1.563103983517e-02
0	4	1.563103983517e-02	16	9.671778969355e-03
0	5	9.671778969355e-03	16	7.433269362258e-03
0	6	7.433269362258e-03	16	2.500215634214e-03
0	7	2.500215634214e-03	9	1.052525628903e-03
0	8	1.052525628903e-03	4	7.014303850462e-04
