fixstep	outer	rms	cg_iter	post_step_rms
0	0	6.429710243368e+00	6	5.054333357297e-01
0	1	5.054333357297e-01	10	2.210023960170e-01
0	2	2.210023960170e-01	11	7.990054022580e-02
0	3	7.990054022580e-02	11	1.563103983517e-02
